{
    "Module_List": [
        {
            "Name": "Weapons",
            "DescShort": "添加通用武器",
            "DescLong": "Desc Long ： 添加通用武器",
            "Platform": [ "YR" ],
            "ListType": "Weapon",

            "MergeToSection": true,
            "NumberOfParams": 2,
            "ParamDescShort": [ "武器1", "武器2" ],
            "ParamDescLong": [ "第一个武器的注册名", "第二个武器的注册名" ],

            "MergeParagraph": {

                "ParagraphConst": {
                    "OpportunityFire": "yesR",
                    "JustATestCommand": "114514M"
                },
                "Paragraph": [
                    {
                        "Type": "Replace",
                        "Key": {
                            "IsList": false,
                            "UseAutoParameter": false,
                            "IndexOfParam": -1,
                            "FormatStr": "Primary"
                        },
                        "Value": {
                            "IsList": false,
                            "UseAutoParameter": false,
                            "IndexOfParam": 0,
                            "FormatStr": "%s"
                        }
                    },
                    {
                        "Type": "Replace",
                        "Key": {
                            "IsList": false,
                            "UseAutoParameter": false,
                            "IndexOfParam": -1,
                            "FormatStr": "Secondary"
                        },
                        "Value": {
                            "IsList": false,
                            "UseAutoParameter": false,
                            "IndexOfParam": 1,
                            "FormatStr": "%s"
                        }
                    }
                ],

                "VariableList": {}
            },
            "AttachedParagraph": [
                {
                    "Name": {
                        "IsList": false,
                        "UseAutoParameter": false,
                        "IndexOfParam": 0,
                        "FormatStr": "%s"
                    },
                    "IniType": "Rule",

                    "ParagraphConst": {
                        "Damage": "100",
                        "ROF": "50"
                    },
                    "Paragraph": [
                        {
                            "Key": {
                                "IsList": false,
                                "UseAutoParameter": true,
                                "IndexOfParam": 27,
                                "FormatStr": "%sFUCK"
                            },
                            "Value": {
                                "IsList": false,
                                "UseAutoParameter": true,
                                "IndexOfParam": 2,
                                "FormatStr": "ASS%s"
                            }
                        },
                        {
                            "Key": {
                                "IsList": false,
                                "UseAutoParameter": true,
                                "IndexOfParam": 2,
                                "FormatStr": "%sFUCK"
                            },
                            "Value": {
                                "IsList": false,
                                "UseAutoParameter": true,
                                "IndexOfParam": 27,
                                "FormatStr": "ASS%s"
                            }
                        }
                    ],

                    "VariableList": {
                        "_Local_Category": "Weapon",
                        "_Local_AtFile": "Rule"
                    }
                },
                {
                    "Name": {
                        "IsList": false,
                        "UseAutoParameter": false,
                        "IndexOfParam": 1,
                        "FormatStr": "%s"
                    },
                    "IniType": "Rule",

                    "ParagraphConst": {
                        "Damage": "120",
                        "ROF": "60"
                    },
                    "Paragraph": [],

                    "VariableList": {
                        "_Local_Category": "Weapon",
                        "_Local_AtFile": "Rule"
                    }
                }
            ],
            "AttachedLinkGroup": [],
            "AttachedRegister": [
                {
                    "Type": "WeaponTypes",
                    "IniType": "Rule",
                    "TargetIniType": "Rule",
                    "Data": [
                        {
                            "IsList": false,
                            "UseAutoParameter": false,
                            "IndexOfParam": 0,
                            "FormatStr": "%s"
                        },
                        {
                            "IsList": false,
                            "UseAutoParameter": false,
                            "IndexOfParam": 1,
                            "FormatStr": "%s"
                        }
                    ]
                }
            ]

        },
        {
            "Name": "GenUnit1",
            "DescShort": "单位模板 - HTNK",
            "DescLong": "Desc Long ： 单位模板 - HTNK",
            "Platform": [ "YR" ],
            "ListType": "Unit",

            "MergeToSection": false,
            "NumberOfParams": 1,
            "ParamDescShort": ["单位名"],
            "ParamDescLong": ["单位的INI注册名&CSF名"],

            "MergeParagraph": {}, //在MergeToSection="false"时可留空
            "AttachedParagraph": [
                {
                    "Name": {
                        "IsList": false,
                        "UseAutoParameter": false,
                        "IndexOfParam": 0,
                        "FormatStr": "%s"
                    },
                    "IniType": "Rule",

                    "ParagraphConst": {
                        "Name": "Rhino Heavy Tank",

                        "Prerequisite": "NAWEAP",
                        "Owner": "Russians,Confederation,Africans,Arabs",
                        "TechLevel": "2",
                        "CrateGoodie": "no",

                        "Primary": "120mm",
                        "ElitePrimary": "120mmE",
                        "VeteranAbilities": "STRONGER,FIREPOWER,SIGHT,FASTER",
                        "EliteAbilities": "SELF_HEAL,STRONGER,FIREPOWER,ROF",
                        "Turret": "yes",
                        "OpportunityFire": "yes",

                        "Sight": "8",
                        "Speed": "6",
                        "Strength": "400",
                        "Category": "AFV",
                        "Cost": "900",
                        "Soylent": "900",
                        "Points": "25",
                        "ThreatPosed": "40",
                        "Size": "3",
                        "Armor": "heavy",
                        "IsSelectableCombatant": "yes",

                        "IsTilter": "yes",
                        "TooBigToFitUnderBridge": "true",
                        "Crusher": "yes",
                        "ROT": "5",
                        "Accelerates": "false",
                        "ZFudgeColumn": "8",
                        "ZFudgeTunnel": "13",
                        "Locomotor": "{4A582741-9839-11d1-B709-00A024DDAFD1}",
                        "MovementZone": "Destroyer",
                        "Weight": "3.5",

                        "Explosion": "TWLT070,S_BANG48,S_BRNL58,S_CLSN58,S_TUMU60",
                        "DamageParticleSystems": "SparkSys,SmallGreySSys",
                        "DamageSmokeOffset": "100, 100, 275",
                        "Maxdebris": "3",

                        "VoiceSelect": "GenSovVehicleSelect",
                        "VoiceMove": "GenSovVehicleMove",
                        "VoiceAttack": "GenSovVehicleAttackCommand",
                        "VoiceFeedback": "",
                        "DieSound": "GenVehicleDie",
                        "MoveSound": "RhinoTankMoveStart",
                        "CrushSound": "TankCrush"

                    },
                    "Paragraph": [
                        {
                            "Key": {
                                "IsList": false,
                                "UseAutoParameter": false,
                                "IndexOfParam": -1,
                                "FormatStr": "UIName"
                            },
                            "Value": {
                                "IsList": false,
                                "UseAutoParameter": false,
                                "IndexOfParam": 0,
                                "FormatStr": "Name:%s"
                            }
                        }
                    ],

                    "VariableList": {
                        "_Local_Category": "Unit",
                        "_Local_AtFile": "Rule"
                    }
                }
            ],
            "AttachedLinkGroup": [],
            "AttachedRegister": [
                {
                    "Type": "VehicleTypes",
                    "IniType": "Rule",
                    "TargetIniType": "Rule",
                    "Data": [
                        {
                            "IsList": false,
                            "UseAutoParameter": false,
                            "IndexOfParam": 0,
                            "FormatStr": "%s"
                        }
                    ]
                }
            ]

        }
    ]
}
