{
    "Require_List": [
        {
            "Name": "CanOwnWeapon",
            "Require": [
                {
                    "Name": "_Local_Category",
                    "Restriction": {
                        "Type": "Equal",
                        "Value": [ "Unit" ]
                    }
                },
                {
                    "Name": "_Local_Category",
                    "Restriction": {
                        "Type": "Equal",
                        "Value": [ "Building" ]
                    }
                },
                {
                    "Name": "_Local_Category",
                    "Restriction": {
                        "Type": "Equal",
                        "Value": [ "Infantry" ]
                    }
                },
                {
                    "Name": "_Local_Category",
                    "Restriction": {
                        "Type": "Equal",
                        "Value": [ "Aircraft" ]
                    }
                }
            ]
        }
    ],
    "IniLine_List": [
        {
            "Name": "Primary",
            "DescShort": "主武器",
            "DescLong": "Desc Long",
            "Platform": [ "YR" ],
            "Limit": {
                "Type": "String",
                "Data": "Primary"
            },
            "Prop": {
                "Type": "Link",
                "Restriction": {
                    "TargetIniType": "Rule", //目标的IniType
                    "LinkType": "LinkToWeapon" //链接的LinkType
                }
            },
            "Require": {
                "RequiredNames": [],
                "ForbiddenNames": [],
                "RequiredValues": [
                    {
                        "Name": "_FROM_REQUIRE_LIST",
                        "ListName": "CanOwnWeapon"
                    }
                ],
                "ForbiddenValues": []
            }
        },
        {
            "Name": "Secondary",
            "DescShort": "副武器",
            "DescLong": "Desc Long",
            "Platform": [ "YR" ],
            "Limit": {
                "Type": "String",
                "Data": "Secondary"
            },
            "Prop": {
                "Type": "Link",
                "Restriction": {
                    "TargetIniType": "Rule", //目标的IniType
                    "LinkType": "LinkToWeapon" //链接的LinkType
                }
            },
            "Require": {
                "RequiredNames": [],
                "ForbiddenNames": [],
                "RequiredValues": [
                    {
                        "Name": "_FROM_REQUIRE_LIST",
                        "ListName": "CanOwnWeapon"
                    }
                ],
                "ForbiddenValues": []
            }
        }
    ],
    "SubSec_List": [
        {
            "Name": "Weapons",
            "DescShort": "通用武器模块",
            "DescLong": "Desc Long",
            "Platform": [ "YR" ],
            "RequiredValues": [],
            "ForbiddenValues": [],
            "Lines": [ "Primary", "Secondary" ]
        }
    ],
    "Link_List": [
        {
            "Name": "LinkToWeapon",
            "LinkFromRequired": [],
            "LinkFromForbidden": [],
            "LinkToRequired": [
                {
                    "Name": "_Local_Category",
                    "Restriction": {
                        "Type": "Equal",
                        "Value": [ "Weapon" ]
                    }
                }
            ],
            "LinkToForbidden": []
        }
    ]
}
